generation,best_length
0,561.4911957055
1,561.4911957055
2,561.4911957055
3,561.4911957055
4,561.4911957055
5,561.4911957055
6,561.4911957055
7,561.4911957055
8,561.4911957055
9,561.4911957055
10,561.4911957055
11,561.4911957055
12,561.4911957055
13,561.4911957055
14,561.4911957055
15,561.4911957055
16,561.4911957055
17,561.4911957055
18,561.4911957055
19,561.4911957055
20,561.4911957055
21,561.4911957055
22,561.4911957055
23,557.0957047609
24,557.0957047609
25,557.0957047609
26,557.0957047609
27,557.0957047609
28,557.0957047609
29,557.0957047609
30,557.0957047609
31,557.0957047609
32,557.0957047609
33,557.0957047609
34,557.0957047609
35,557.0957047609
36,557.0957047609
37,557.0957047609
38,557.0957047609
39,557.0957047609
40,557.0957047609
41,557.0957047609
42,557.0957047609
43,557.0957047609
44,557.0957047609
45,557.0957047609
46,557.0957047609
47,557.0957047609
48,557.0957047609
49,557.0957047609
50,557.0957047609
51,557.0957047609
52,557.0957047609
53,557.0957047609
54,557.0957047609
55,557.0957047609
56,557.0957047609
57,557.0957047609
58,557.0957047609
59,557.0957047609
60,557.0957047609
61,557.0957047609
62,557.0957047609
63,557.0957047609
64,557.0957047609
65,557.0957047609
66,557.0957047609
67,557.0957047609
68,557.0957047609
69,557.0957047609
70,557.0957047609
71,557.0957047609
72,557.0957047609
73,557.0957047609
74,557.0957047609
75,557.0957047609
76,557.0957047609
77,557.0957047609
78,557.0957047609
79,557.0957047609
80,557.0957047609
81,557.0957047609
82,546.6269821828
83,546.6269821828
84,546.6269821828
85,546.6269821828
86,546.6269821828
87,546.6269821828
88,546.6269821828
89,546.6269821828
90,546.6269821828
91,546.6269821828
92,546.6269821828
93,546.6269821828
94,546.6269821828
95,546.6269821828
96,546.6269821828
97,546.6269821828
98,546.6269821828
99,546.6269821828
100,546.6269821828
101,546.6269821828
102,546.6269821828
103,546.6269821828
104,546.6269821828
105,546.6269821828
106,546.6269821828
107,546.6269821828
108,546.6269821828
109,546.6269821828
110,546.6269821828
111,546.6269821828
112,546.6269821828
113,546.6269821828
114,546.6269821828
115,546.6269821828
116,546.6269821828
117,546.6269821828
118,546.6269821828
119,546.6269821828
120,546.6269821828
121,546.6269821828
122,546.6269821828
123,546.6269821828
124,546.6269821828
125,546.6269821828
126,546.6269821828
127,546.6269821828
128,546.6269821828
129,546.6269821828
130,546.6269821828
131,546.6269821828
132,546.6269821828
133,546.6269821828
134,546.6269821828
135,546.6269821828
136,546.6269821828
137,546.6269821828
138,546.6269821828
139,546.6269821828
140,546.6269821828
141,546.6269821828
142,546.6269821828
143,546.6269821828
144,546.6269821828
145,546.6269821828
146,546.6269821828
147,546.6269821828
148,546.6269821828
149,546.6269821828
150,546.6269821828
151,546.6269821828
152,546.6269821828
153,546.6269821828
154,546.6269821828
155,546.6269821828
156,546.6269821828
157,546.6269821828
158,546.6269821828
159,546.6269821828
160,546.6269821828
161,546.6269821828
162,546.6269821828
163,546.6269821828
164,546.6269821828
165,546.6269821828
166,546.6269821828
167,546.6269821828
168,546.6269821828
169,546.6269821828
170,546.6269821828
171,546.6269821828
172,546.6269821828
173,546.6269821828
174,546.6269821828
175,546.6269821828
176,546.6269821828
177,546.6269821828
178,546.6269821828
179,546.6269821828
180,546.6269821828
181,546.6269821828
182,546.6269821828
183,546.6269821828
184,546.6269821828
185,546.6269821828
186,546.6269821828
187,546.6269821828
188,546.6269821828
189,546.6269821828
190,546.6269821828
191,546.6269821828
192,546.6269821828
193,546.6269821828
194,546.6269821828
195,546.6269821828
196,546.6269821828
197,546.6269821828
198,546.6269821828
199,546.6269821828
200,546.6269821828
201,546.6269821828
202,546.6269821828
