city,x,y
1,62.50954666,89.72138010
2,77.56856902,22.52071900
3,30.01662849,87.35534454
4,0.52653046,82.12284184
5,79.70694288,46.79349528
6,30.30324268,27.84256121
7,25.48695877,44.50763059
8,50.45482590,55.34973521
9,99.55002834,79.26619192
10,62.21792294,98.89601477
11,21.53086982,16.02120339
12,61.25396043,4.39420080
13,3.56802788,51.48888203
14,46.62060253,91.71677732
15,62.92262545,51.41176466
16,49.68734354,24.75149220
17,1.17940255,19.24021440
18,69.20321209,20.06067240
19,36.95363106,0.37342421
20,83.00477298,15.44610811
21,26.75993046,88.03321540
22,50.97908099,84.71502464
23,63.97171669,74.17709474
24,9.14956051,54.11438214
25,50.77722363,87.13393767
26,36.12640590,59.81840672
27,5.92516423,38.76318011
28,32.30363463,15.01997291
29,81.63381038,37.94461716
30,97.87478844,58.99916930
